<?xml version="1.0" encoding="UTF-8"?>
<project-private xmlns="http://www.netbeans.org/ns/project-private/1">
    <editor-bookmarks xmlns="http://www.netbeans.org/ns/editor-bookmarks/2" lastBookmarkId="0"/>
    <open-files xmlns="http://www.netbeans.org/ns/projectui-open-files/2">
        <group>
            <file>file:/D:/KAMPUS/SEMESTER%204/PEMROGRAMAN%20BERORIENTASI%20OBJEK/PBO%20KELOMPOK/TUGAS%202/PBOKelompok2Tugas2/src/mform/form/Form.java</file>
            <file>file:/D:/KAMPUS/SEMESTER%204/PEMROGRAMAN%20BERORIENTASI%20OBJEK/PBO%20KELOMPOK/TUGAS%202/PBOKelompok2Tugas2/src/database/DataInserter.java</file>
            <file>file:/D:/KAMPUS/SEMESTER%204/PEMROGRAMAN%20BERORIENTASI%20OBJEK/PBO%20KELOMPOK/TUGAS%202/PBOKelompok2Tugas2/src/mform/Mform.java</file>
            <file>file:/D:/KAMPUS/SEMESTER%204/PEMROGRAMAN%20BERORIENTASI%20OBJEK/PBO%20KELOMPOK/TUGAS%202/PBOKelompok2Tugas2/src/mform/form/FormDataPerkebunan.java</file>
            <file>file:/D:/KAMPUS/SEMESTER%204/PEMROGRAMAN%20BERORIENTASI%20OBJEK/PBO%20KELOMPOK/TUGAS%202/PBOKelompok2Tugas2/src/database/DatabaseConnection.java</file>
        </group>
    </open-files>
</project-private>
